{
    "Noir": [
        66.64571428571429,
        65.39809523809524,
        29.48
    ],

    "Rouge": [
        39.412721893491124,
        25.298816568047336,
        100.92011834319527
    ],
    "Vert": [
        57.06296296296296,
        92.13425925925925,
        1.1092592592592592
    ],
    "Bleu": [
        117.93028846153847,
        49.50721153846154,
        0.5913461538461539
    ],

    "Sol": [
        85.28823878823879,
        125.53608553608554,
        93.95931095931095
    ]
}