{
    "Bleu": [
        122.83173076923077,
        53.07692307692308,
        0.25
    ],
    "Rouge": [
        44.67037037037037,
        26.892592592592592,
        108.68888888888888
    ],
    "Vert": [
        70.12087912087912,
        102.14285714285714,
        0.7912087912087912
    ],
    "Sol": [
        98.38602941176471,
        145.5735294117647,
        113.05147058823529
    ],

    "Noir": [
        18.94848484848485,
        18.318181818181817,
        1.6848484848484848
    ]
}