{
    "home": [
        0.24021327297632397,
        -0.00577212957195342,
        0.32863233390299035,
        -0.29060552848540727,
        1.5035848777235399,
        -0.3157280702627256
    ],
    "pick_bleu": [
        0.3771380158783345,
        0.004601637275661776,
        0.09932350912575562,
        -1.261998842476985,
        1.202955429752072,
        -1.5299494888091565
    ],
    "pick_vert": [
        0.3771380158783345,
        0.004601637275661776,
        0.09932350912575562,
        -1.261998842476985,
        1.202955429752072,
        -1.5299494888091565
    ],
    "pick_rouge": [
        0.3769977347565827,
        0.004545121578512438,
        0.0993279806918592,
        -1.2657580021580648,
        1.202454226701856,
        -1.5339785298410535
    ],
    "intermediate": [
        0.37196625391495414,
        0.024603821460074563,
        0.16984109621335342,
        -1.002654552500466,
        1.1993403132313638,
        -1.2773411783947177
    ],
    "place_bleu": [
        0.01612899576168084,
        0.2727423684958096,
        0.010495942346978093,
        0.0004619335876898539,
        1.5508656118082296,
        0.2313899666952719
    ],
    "place_vert": [
        -0.21645933662444086,
        0.21819360159117768,
        0.010080098268866508,
        -2.109530554421191,
        1.4663851191317705,
        -1.1868900982090862
    ],
    "place_rouge": [
        0.20881698912513802,
        0.2331287418297346,
        0.0159598143368076,
        -1.2221501263097971,
        1.467083484103355,
        -1.612922901135345
    ],
    "intermediate_place_bleu": [
        0.016902360808498055,
        0.2757850488554854,
        0.07298864512793288,
        3.061446042032925,
        1.5191088097590952,
        -1.6678839162049968
    ],
    "intermediate_place_vert": [
        -0.2230064503699797,
        0.21203156242731722,
        0.06331673882491509,
        -2.7842230958813454,
        1.547275384678898,
        -0.32815885575316045
    ],
    "intermediate_place_rouge": [
        0.2071773210121009,
        0.23547956036346965,
        0.10263357163537297,
        -0.5756577257768773,
        1.5099438614590972,
        0.43499772277379894
    ]
}