{
    "Home": [
        0.3357076992368302,
        -0.02949362197752665,
        0.14431890625878963,
        0.27919486460255327,
        1.4990711998737971,
        0.22091688397715092
    ],
    "Pick": [
        0.31111803450880055,
        -0.030272562871949654,
        0.010165306815681743,
        -3.1193933335144575,
        1.4953991942656175,
        -3.1412603011985065
    ],
    "Place": [
        0.3282878553079782,
        -0.2208899410257041,
        0.05187854331237219,
        -0.61865046636125,
        1.5219964662758427,
        -1.1227986456640142
    ]
}