{
    "home": [
        -0.0086435754310854,
        -0.32852335807292427,
        0.4365845560626668,
        0.06924809913383011,
        -0.04442248890278606,
        -1.5968946921765779
    ],
    "pick_rouge": [
        0.062398051739314106,
        -0.3064770043147207,
        0.09948994920076554,
        0.040401296490233204,
        1.1946003209920166,
        -1.589013182971248
    ],
    "pick_vert": [
        0.062398051739314106,
        -0.3064770043147207,
        0.09948994920076554,
        0.04193527727811826,
        1.194600320992017,
        -1.589013182971248
    ],
    "pick_bleu": [
        0.06247372759559039,
        -0.3065931173002311,
        0.09955064311660854,
        0.04239939816632987,
        1.1932858791502574,
        -1.5868642879314092
    ],
    "intermediate_pick": [
        0.05111416592634676,
        -0.20597601884209113,
        0.13420056511310408,
        0.323660101008363,
        1.4485882177302787,
        -1.5018933922623294
    ],
    "place_rouge_table": [
        0.22825292795731142,
        -0.22951068679794262,
        0.015591432087074503,
        -1.5383898660421906,
        1.5401797977471214,
        3.0789037054161885
    ],
    "place_vert_table": [
        0.16333986824091568,
        -0.22210005382943662,
        0.014294066161873703,
        -1.7726022203597545,
        1.5255834025456472,
        2.867621437654269
    ],
    "place_bleu_table": [
        0.0776817657357561,
        -0.21773114890401032,
        0.012251245052969983,
        0.21181669460547667,
        1.5122612814698864,
        -1.0747871977395604
    ],
    "intermediate_place_table_rouge": [
        0.229644219947026,
        -0.2248942786256766,
        0.05298061308353022,
        0.9953617813619795,
        1.547888196265767,
        -0.44211933223856875
    ],
    "intermediate_place_table_vert": [
        0.15880918778472886,
        -0.21949311219006573,
        0.05298534120387498,
        0.7616710613743267,
        1.5286730546649343,
        -0.8290476041164291
    ],
    "intermediate_place_table_bleu": [
        0.07183994231073437,
        -0.21356401360985217,
        0.0500545698117359,
        0.15535202874417492,
        1.4975569381517158,
        -1.3540850041330834
    ],
    "pick_rouge_table": [
        0.2296284207308638,
        -0.22617392734554487,
        0.014273583127731956,
        -0.6894643593610892,
        1.5334627454571863,
        -1.9307223014244916
    ],
    "pick_vert_table": [
        0.16103989577503236,
        -0.21967471063394586,
        0.015789695438496898,
        1.6974507856245022,
        1.5209143975611885,
        0.2945998487771671
    ],
    "pick_bleu_table": [
        0.07748891457199174,
        -0.21671805186729337,
        0.014936560839569138,
        0.34493758349392684,
        1.512788426202598,
        -1.0026188257201731
    ],
    "intermediate_place_convoyeur": [
        0.22376117999489825,
        -0.12621478014611423,
        0.149749080442245,
        -2.3378830946357967,
        1.4949730381896182,
        -2.8890390394474084
    ],
    "place_convoyeur": [
        0.3436366774237699,
        -0.013827162248481812,
        0.07925033337550699,
        -1.989610618304587,
        1.5319703085464107,
        -2.04253240931219
    ]
}